nom,prix,images
"Air Jordan 4 Retro White Cement","175€","https://cdn.shopify.com/s/files/1/2358/2817/files/Air-Jordan-4-Retro-White-Cement-1.webp?v=1746173500&width=1940;https://cdn.shopify.com/s/files/1/2358/2817/files/Air-Jordan-4-Retro-White-Cement-2.webp?v=1746173501&width=1940;https://cdn.shopify.com/s/files/1/2358/2817/files/Air-Jordan-4-Retro-White-Cement-3.webp?v=1746173501&width=1940"
"Air Jordan 4 Cave Stone","150€","https://cdn.shopify.com/s/files/1/2358/2817/files/Air-Jordan-4-Cave-Stone-1.webp?v=1755680191&width=1940;https://cdn.shopify.com/s/files/1/2358/2817/files/Air-Jordan-4-Cave-Stone-2.webp?v=1755680191&width=1940;https://cdn.shopify.com/s/files/1/2358/2817/files/Air-Jordan-4-Cave-Stone-3.webp?v=1755680190&width=1940"
"ASICS Gel-Kayano 14 White Midnight","190€","https://cdn.shopify.com/s/files/1/2358/2817/files/asics-gel-kayano-14-white-midnight-1.webp?v=1740396316&width=1940;https://cdn.shopify.com/s/files/1/2358/2817/files/asics-gel-kayano-14-white-midnight-2.webp?v=1740396326&width=1940;https://cdn.shopify.com/s/files/1/2358/2817/files/asics-gel-kayano-14-white-midnight-3.webp?v=1740396334&width=1940"
"New Balance 2002R Protection Pack Phantom","215€","https://cdn.shopify.com/s/files/1/2358/2817/files/New_Balance_2002R_Protection_Pack_Phantom_1.webp?v=1751987322&width=1940;https://cdn.shopify.com/s/files/1/2358/2817/files/New_Balance_2002R_Protection_Pack_Phantom_2.webp?v=1751987329&width=1940;https://cdn.shopify.com/s/files/1/2358/2817/files/New_Balance_2002R_Protection_Pack_Phantom_3.webp?v=1751987338&width=1940"
"Air Jordan 1 Low OG SP Travis Scott Medium Olive","685€","https://cdn.shopify.com/s/files/1/2358/2817/files/air-jordan-1-retro-low-og-sp-travis-scott-medium-olive-1.webp?v=1727277174&width=1940;https://cdn.shopify.com/s/files/1/2358/2817/files/air-jordan-1-retro-low-og-sp-travis-scott-medium-olive-2.webp?v=1727277174&width=1940;https://cdn.shopify.com/s/files/1/2358/2817/files/air-jordan-1-retro-low-og-sp-travis-scott-medium-olive-3.webp?v=1727277174&width=1940"
"Air Jordan 4 Denim Worn Blue","215€","https://cdn.shopify.com/s/files/1/2358/2817/files/Air-Jordan-4-Denim-Worn-Blue-1.webp?v=1755161043&width=1940;https://cdn.shopify.com/s/files/1/2358/2817/files/Air-Jordan-4-Denim-Worn-Blue-2.webp?v=1755161043&width=1940;https://cdn.shopify.com/s/files/1/2358/2817/files/Air-Jordan-4-Denim-Worn-Blue-3.webp?v=1755161044&width=1940"
"Adidas Handball Spezial Earth Strata","110€","https://cdn.shopify.com/s/files/1/2358/2817/files/Adidas-Handball-Spezial-Earth-Strata.webp?v=1716890456&width=1940;https://cdn.shopify.com/s/files/1/2358/2817/files/Adidas-Handball-Spezial-Earth-Strata-2.webp?v=1716890457&width=1940;https://cdn.shopify.com/s/files/1/2358/2817/files/Adidas-Handball-Spezial-Earth-Strata-3.webp?v=1716890457&width=1940"
"Air Jordan 1 Retro Low OG SP Travis Scott Velvet Brown","445€","https://cdn.shopify.com/s/files/1/2358/2817/files/Air_Jordan_1_Retro_Low_OG_SP_Travis_Scott_Velvet_Brown_1.webp?v=1750408265&width=1940;https://cdn.shopify.com/s/files/1/2358/2817/files/Air_Jordan_1_Retro_Low_OG_SP_Travis_Scott_Velvet_Brown_2.webp?v=1750408272&width=1940;https://cdn.shopify.com/s/files/1/2358/2817/files/Air_Jordan_1_Retro_Low_OG_SP_Travis_Scott_Velvet_Brown_3.webp?v=1750408281&width=1940"
"Air Jordan 4 Retro Forget Me Not","235€","https://cdn.shopify.com/s/files/1/2358/2817/files/FlowerInstinctCor-VRunnerShadowBlack_2028.webp?v=1754475979&width=1940;https://cdn.shopify.com/s/files/1/2358/2817/files/FlowerInstinctCor-VRunnerShadowBlack_2026.webp?v=1754475979&width=1940;https://cdn.shopify.com/s/files/1/2358/2817/files/FlowerInstinctCor-VRunnerShadowBlack_2027.webp?v=1754475979&width=1940"
"Adidas Samba OG Preloved Red Leopard","130€","https://cdn.shopify.com/s/files/1/2358/2817/files/Adidas-Samba-Preloved-Red-Leopard-1.webp?v=1739269548&width=1940;https://cdn.shopify.com/s/files/1/2358/2817/files/Adidas-Samba-Preloved-Red-Leopard-2.webp?v=1739269548&width=1940;https://cdn.shopify.com/s/files/1/2358/2817/files/Adidas-Samba-Preloved-Red-Leopard-3.webp?v=1739269548&width=1940"
"ASICS Gel-1130 Cream Clay Grey","105€","https://cdn.shopify.com/s/files/1/2358/2817/files/asics-gel-1130-cream-clay-grey-1.webp?v=1739894121&width=1940;https://cdn.shopify.com/s/files/1/2358/2817/files/asics-gel-1130-cream-clay-grey-2.webp?v=1739894121&width=1940;https://cdn.shopify.com/s/files/1/2358/2817/files/asics-gel-1130-cream-clay-grey-3.webp?v=1739894121&width=1940"
"ASICS Gel-Kayano 14 Birch Pure Silver","160€","https://cdn.shopify.com/s/files/1/2358/2817/files/ASICS_Gel-Kayano_14_Birch_Pure_Silver_1.webp?v=1750407858&width=1940;https://cdn.shopify.com/s/files/1/2358/2817/files/ASICS_Gel-Kayano_14_Birch_Pure_Silver_2.webp?v=1750407868&width=1940;https://cdn.shopify.com/s/files/1/2358/2817/files/ASICS_Gel-Kayano_14_Birch_Pure_Silver_3.webp?v=1750407876&width=1940"
"Adidas Yeezy Foam RNNR Carbon","120€","https://cdn.shopify.com/s/files/1/2358/2817/files/Adidas_Yeezy_Foam_RNNR_Carbon_1.webp?v=1751548464&width=1940;https://cdn.shopify.com/s/files/1/2358/2817/files/Adidas_Yeezy_Foam_RNNR_Carbon_2.webp?v=1751548472&width=1940;https://cdn.shopify.com/s/files/1/2358/2817/files/Adidas_Yeezy_Foam_RNNR_Carbon_3.webp?v=1751548483&width=1940"
"Air Jordan 4 Retro Military Blue (2024)","210€","https://cdn.shopify.com/s/files/1/2358/2817/files/Air-Jordan-4-Retro-Military-Blue.webp?v=1716890371&width=1940;https://cdn.shopify.com/s/files/1/2358/2817/files/Air-Jordan-4-Retro-Military-Blue-2.webp?v=1716890372&width=1940;https://cdn.shopify.com/s/files/1/2358/2817/files/Air-Jordan-4-Retro-Military-Blue-3.webp?v=1716890372&width=1940"
"ASICS Gel-1130 White Malachite Green","95€","https://cdn.shopify.com/s/files/1/2358/2817/files/asics-gel-1130-white-malachite-green4.webp?v=1715855341&width=1940;https://cdn.shopify.com/s/files/1/2358/2817/files/asics-gel-1130-white-malachite-green3.webp?v=1715855341&width=1940;https://cdn.shopify.com/s/files/1/2358/2817/files/asics-gel-1130-white-malachite-green2.webp?v=1715855341&width=1940"
"ASICS Gel-NYC Cream Mineral Beige Pink","200€","https://cdn.shopify.com/s/files/1/2358/2817/files/ASICS_Gel-NYC_Cream_Mineral_Beige_Pink_1.webp?v=1752584923&width=1940;https://cdn.shopify.com/s/files/1/2358/2817/files/ASICS_Gel-NYC_Cream_Mineral_Beige_Pink_2.webp?v=1752584931&width=1940;https://cdn.shopify.com/s/files/1/2358/2817/files/ASICS_Gel-NYC_Cream_Mineral_Beige_Pink_3.webp?v=1752584944&width=1940"
"Air Jordan 4 Sail Metallic Gold","290€","https://cdn.shopify.com/s/files/1/2358/2817/files/air-jordan-4-sail-metallic-gold3.webp?v=1712571606&width=1940;https://cdn.shopify.com/s/files/1/2358/2817/files/air-jordan-4-sail-metallic-gold5.webp?v=1712571606&width=1940;https://cdn.shopify.com/s/files/1/2358/2817/files/air-jordan-4-sail-metallic-gold2.webp?v=1712571606&width=1940"
"Nike Dunk Low Grey Fog","90€","https://cdn.shopify.com/s/files/1/2358/2817/files/NikeDunkLowGreyFog-3.png?v=1686066939&width=1940;https://cdn.shopify.com/s/files/1/2358/2817/files/NikeDunkLowGreyFog-2.png?v=1686066939&width=1940;https://cdn.shopify.com/s/files/1/2358/2817/files/NikeDunkLowGreyFog-1.png?v=1686066939&width=1940"
"Nike Dunk Low Cacao Wow","100€","https://cdn.shopify.com/s/files/1/2358/2817/files/nike-dunk-low-wmns-cacao-wow_20628849_46151291_20482.png?v=1691768028&width=1940;https://cdn.shopify.com/s/files/1/2358/2817/files/nike-dunk-low-cacao-wow-2.png?v=1691772914&width=1940;https://cdn.shopify.com/s/files/1/2358/2817/files/nike-dunk-low-cacao-wow-3.png?v=1691772913&width=1940"
"Air Jordan Jumpman Jack TR Travis Scott Dark Mocha","400€","https://cdn.shopify.com/s/files/1/2358/2817/files/travis-scott-jordan-jumpman-jack-dark-mocha-fz8117-204-1.webp?v=1737038318&width=1940;https://cdn.shopify.com/s/files/1/2358/2817/files/travis-scott-jordan-jumpman-jack-dark-mocha-fz8117-204-2.webp?v=1737038319&width=1940;https://cdn.shopify.com/s/files/1/2358/2817/files/travis-scott-jordan-jumpman-jack-dark-mocha-fz8117-204-3.webp?v=1737038319&width=1940"
"Air Jordan 4 Retro SB Navy Blue","245€","https://cdn.shopify.com/s/files/1/2358/2817/files/AirJordan4RetroSBNavyBlue_2057.webp?v=1754473586&width=1940;https://cdn.shopify.com/s/files/1/2358/2817/files/AirJordan4RetroSBNavyBlue_2055.webp?v=1754473586&width=1940;https://cdn.shopify.com/s/files/1/2358/2817/files/AirJordan4RetroSBNavyBlue_2056.webp?v=1754473586&width=1940"
"Air Jordan 1 Retro Low OG SP Travis Scott Canary","390€","https://cdn.shopify.com/s/files/1/2358/2817/files/air-jordan-1-retro-low-og-sp-travis-scott-canary.webp?v=1717172495&width=1940;https://cdn.shopify.com/s/files/1/2358/2817/files/air-jordan-1-retro-low-og-sp-travis-scott-canary-2.webp?v=1717172495&width=1940;https://cdn.shopify.com/s/files/1/2358/2817/files/air-jordan-1-retro-low-og-sp-travis-scott-canary-3.webp?v=1717172495&width=1940"
"Adidas Yeezy Boost 350 V2 MX Dark Sea Salt","170€","https://cdn.shopify.com/s/files/1/2358/2817/files/yeezy-boost-350-V2-mx-dark-sea-salt-1.png?v=1692178009&width=1940;https://cdn.shopify.com/s/files/1/2358/2817/files/yeezy-boost-350-V2-mx-dark-sea-salt-2.png?v=1692178009&width=1940;https://cdn.shopify.com/s/files/1/2358/2817/files/yeezy-boost-350-V2-mx-dark-sea-salt-3.png?v=1692178008&width=1940"
"ASICS Gel-1130 White Clay Grey","95€","https://cdn.shopify.com/s/files/1/2358/2817/files/ASICS_Gel-1130_White_Clay_Grey_1.webp?v=1742768491&width=1940;https://cdn.shopify.com/s/files/1/2358/2817/files/ASICS_Gel-1130_White_Clay_Grey_2.webp?v=1742768465&width=1940;https://cdn.shopify.com/s/files/1/2358/2817/files/ASICS_Gel-1130_White_Clay_Grey_3.webp?v=1742768476&width=1940"
"Adidas Yeezy 350 V2 Steel Grey","150€","https://cdn.shopify.com/s/files/1/2358/2817/files/adidas-yeezy-350-v2-steel-grey4.webp?v=1712570616&width=1940;https://cdn.shopify.com/s/files/1/2358/2817/files/adidas-yeezy-350-v2-steel-grey3.webp?v=1712570616&width=1940;https://cdn.shopify.com/s/files/1/2358/2817/files/adidas-yeezy-350-v2-steel-grey2.webp?v=1712570616&width=1940"
"Air Jordan 4 Vivid Sulfur","185€","https://cdn.shopify.com/s/files/1/2358/2817/files/air-jordan-4-vivid-sulfur3.webp?v=1713451533&width=1940;https://cdn.shopify.com/s/files/1/2358/2817/files/air-jordan-4-vivid-sulfur2.webp?v=1713451533&width=1940;https://cdn.shopify.com/s/files/1/2358/2817/files/air-jordan-4-vivid-sulfur4.webp?v=1713451533&width=1940"
"Adidas Samba OG Cloud White","105€","https://cdn.shopify.com/s/files/1/2358/2817/files/adidas-samba-og-cloud-white-2.png?v=1684486161&width=1940;https://cdn.shopify.com/s/files/1/2358/2817/files/adidas-samba-og-cloud-white-1.png?v=1684486204&width=1940;https://cdn.shopify.com/s/files/1/2358/2817/files/adidas-samba-og-cloud-white-4.png?v=1684486204&width=1940"
"Adidas Yeezy 700 V3 Fade Salt","160€","https://cdn.shopify.com/s/files/1/2358/2817/files/Adidas_Yeezy_700_V3_Fade_Salt_1.webp?v=1758113085&width=1940;https://cdn.shopify.com/s/files/1/2358/2817/files/Adidas_Yeezy_700_V3_Fade_Salt_2.webp?v=1758113095&width=1940;https://cdn.shopify.com/s/files/1/2358/2817/files/Adidas_Yeezy_700_V3_Fade_Salt_3.webp?v=1758113104&width=1940"
"Air Jordan 4 Retro Bred Reimagined","185€","https://cdn.shopify.com/s/files/1/2358/2817/files/Air-Jordan-4-Retro-Bred-Reimagined.png?v=1705315846&width=1940;https://cdn.shopify.com/s/files/1/2358/2817/files/Air-Jordan-4-Retro-Bred-Reimagined-2.png?v=1705315846&width=1940;https://cdn.shopify.com/s/files/1/2358/2817/files/Air-Jordan-4-Retro-Bred-Reimagined_9176f67d-a684-4262-9e48-36036d75b902.png?v=1707470902&width=1940"
"Nike Zoom Vomero 5 Photon Dust","130€","https://cdn.shopify.com/s/files/1/2358/2817/files/nike-wmns-vomero-5-photon-dust_19896067_45665700_2048.png?v=1687425067&width=1940;https://cdn.shopify.com/s/files/1/2358/2817/files/nike-wmns-vomero-5-photon-dust_19896067_45667348_2048.png?v=1687425067&width=1940;https://cdn.shopify.com/s/files/1/2358/2817/files/nike-wmns-vomero-5-photon-dust_19896067_45667387_2048.png?v=1687425067&width=1940"
"ASICS GT-2160 Cream Pure Silver Gold","110€","https://cdn.shopify.com/s/files/1/2358/2817/files/ASICS_GT-2160_Cream_Pure_Silver_Gold_1.webp?v=1750408043&width=1940;https://cdn.shopify.com/s/files/1/2358/2817/files/ASICS_GT-2160_Cream_Pure_Silver_Gold_2.webp?v=1750408051&width=1940;https://cdn.shopify.com/s/files/1/2358/2817/files/ASICS_GT-2160_Cream_Pure_Silver_Gold_3.webp?v=1750408058&width=1940"
"ASICS Gel-Kayano 14 Oyster Grey","155€","https://cdn.shopify.com/s/files/1/2358/2817/files/asics-gel-kayano-14-unlimited-pack-oyster-grey-1.webp?v=1739893674&width=1940;https://cdn.shopify.com/s/files/1/2358/2817/files/asics-gel-kayano-14-unlimited-pack-oyster-grey-2.webp?v=1739893675&width=1940;https://cdn.shopify.com/s/files/1/2358/2817/files/asics-gel-kayano-14-unlimited-pack-oyster-grey-3.webp?v=1739893675&width=1940"
"Nike NOCTA Glide Drake White Chrome","280€","https://cdn.shopify.com/s/files/1/2358/2817/files/nike-nocta-glide-drake-white-chrome3.png?v=1698315829&width=1940;https://cdn.shopify.com/s/files/1/2358/2817/files/nike-nocta-glide-drake-white-chrome4.png?v=1698315829&width=1940;https://cdn.shopify.com/s/files/1/2358/2817/files/nike-nocta-glide-drake-white-chrome2.png?v=1698315829&width=1940"
"Air Jordan 4 Rare Air","135€","https://cdn.shopify.com/s/files/1/2358/2817/files/Air-Jordan-4-Rare-Air-1.webp?v=1753276070&width=1940;https://cdn.shopify.com/s/files/1/2358/2817/files/Air-Jordan-4-Rare-Air-2.webp?v=1753276070&width=1940;https://cdn.shopify.com/s/files/1/2358/2817/files/Air-Jordan-4-Rare-Air-3.webp?v=1753275976&width=1940"
"Adidas Handball Spezial Maroon Cream White","120€","https://cdn.shopify.com/s/files/1/2358/2817/files/Adidas-Handball-Spezial-Maroon-Cream-White-1.webp?v=1752225320&width=1940;https://cdn.shopify.com/s/files/1/2358/2817/files/Adidas-Handball-Spezial-Maroon-Cream-White-2.webp?v=1752225321&width=1940;https://cdn.shopify.com/s/files/1/2358/2817/files/Adidas-Handball-Spezial-Maroon-Cream-White-3.webp?v=1752225323&width=1940"
"New Balance 740 OG Blue Agate","120€","https://cdn.shopify.com/s/files/1/2358/2817/files/New_Balance_740_OG_Blue_Agate_2.webp?v=1751639051&width=1940;https://cdn.shopify.com/s/files/1/2358/2817/files/New_Balance_740_OG_Blue_Agate_3.webp?v=1751639051&width=1940;https://cdn.shopify.com/s/files/1/2358/2817/files/New_Balance_740_OG_Blue_Agate_4.webp?v=1751639051&width=1940"
"Adidas Handball Spezial Sporty & Rich Night Indigo","175€","https://cdn.shopify.com/s/files/1/2358/2817/files/Adidas-Spezial-Sporty-Rich-Blue-1.webp?v=1740395137&width=1940;https://cdn.shopify.com/s/files/1/2358/2817/files/Adidas-Spezial-Sporty-Rich-Blue-2.webp?v=1740395137&width=1940;https://cdn.shopify.com/s/files/1/2358/2817/files/Adidas-Spezial-Sporty-Rich-Blue-3.webp?v=1740395137&width=1940"
"Air Jordan 4 Red Cement","200€","https://cdn.shopify.com/s/files/1/2358/2817/files/air-jordan-4-red-cement-1.png?v=1697115399&width=1940;https://cdn.shopify.com/s/files/1/2358/2817/files/air-jordan-4-red-cement4.png?v=1697115416&width=1940;https://cdn.shopify.com/s/files/1/2358/2817/files/air-jordan-4-red-cement5.png?v=1697115416&width=1940"
"Adidas Handball Spezial Navy Gum","80€","https://cdn.shopify.com/s/files/1/2358/2817/products/adidas-handball-spezial-navy-gum-2.png?v=1681390731&width=1940;https://cdn.shopify.com/s/files/1/2358/2817/products/adidas-handball-spezial-navy-gum-1.png?v=1681390731&width=1940;https://cdn.shopify.com/s/files/1/2358/2817/products/adidas-handball-spezial-navy-gum-3.png?v=1681390714&width=1940"
"Adidas Samba LT Black Patent Leather","135€","https://cdn.shopify.com/s/files/1/2358/2817/files/Adidas-Samba-LT-Black-Patent-Leather-1_1.webp?v=1743174260&width=1940;https://cdn.shopify.com/s/files/1/2358/2817/files/Adidas-Samba-LT-Black-Patent-Leather-2.webp?v=1743174259&width=1940;https://cdn.shopify.com/s/files/1/2358/2817/files/Adidas-Samba-LT-Black-Patent-Leather-3.webp?v=1743174259&width=1940"
"Salomon XT-6 Gore-Tex Black Silver","210€","https://cdn.shopify.com/s/files/1/2358/2817/files/Salomon-XT-6Gore-Tex-Black-Silver-1.webp?v=1743596874&width=1940;https://cdn.shopify.com/s/files/1/2358/2817/files/Salomon-XT-6Gore-Tex-Black-Silver-2.webp?v=1743596874&width=1940;https://cdn.shopify.com/s/files/1/2358/2817/files/Salomon-XT-6Gore-Tex-Black-Silver-3.webp?v=1743596874&width=1940"
"Air Jordan 1 Mid Pink Suede","145€","https://cdn.shopify.com/s/files/1/2358/2817/files/air-jordan-1-mid-pink-suede1.webp?v=1715865001&width=1940;https://cdn.shopify.com/s/files/1/2358/2817/files/air-jordan-1-mid-pink-suede2.webp?v=1715865001&width=1940;https://cdn.shopify.com/s/files/1/2358/2817/files/air-jordan-1-mid-pink-suede3.webp?v=1715865001&width=1940"
"Adidas Handball Spezial White Black Gum","115€","https://cdn.shopify.com/s/files/1/2358/2817/files/adidas-handball-spezial-white-black-gum4.png?v=1702547651&width=1940;https://cdn.shopify.com/s/files/1/2358/2817/files/adidas-handball-spezial-white-black-gum1.png?v=1702547651&width=1940;https://cdn.shopify.com/s/files/1/2358/2817/files/adidas-handball-spezial-white-black-gum2.png?v=1702547651&width=1940"
"New Balance 530 Beige Angora","120€","https://cdn.shopify.com/s/files/1/2358/2817/products/new-balance-530-beige-angora-1.png?v=1675853443&width=1940;https://cdn.shopify.com/s/files/1/2358/2817/products/new-balance-530-beige-angora-4.png?v=1675853461&width=1940;https://cdn.shopify.com/s/files/1/2358/2817/products/new-balance-530-beige-angora-2.png?v=1675853461&width=1940"
"New Balance 530 Turtledove Mushroom","165€","https://cdn.shopify.com/s/files/1/2358/2817/files/New-Balance-530-Turtledove-Mushroom-1.webp?v=1743175236&width=1940;https://cdn.shopify.com/s/files/1/2358/2817/files/New-Balance-530-Turtledove-Mushroom-2.webp?v=1743175236&width=1940;https://cdn.shopify.com/s/files/1/2358/2817/files/New-Balance-530-Turtledove-Mushroom-3.webp?v=1743175236&width=1940"
"ASICS Gel-Kayano 14 Unlimited Pack Smoke Grey","170€","https://cdn.shopify.com/s/files/1/2358/2817/files/ASICS-Gel-Kayano-14-Unlimited-Pack-Smoke-Grey-1.webp?v=1749046880&width=1940;https://cdn.shopify.com/s/files/1/2358/2817/files/ASICS-Gel-Kayano-14-Unlimited-Pack-Smoke-Grey-2.webp?v=1749046884&width=1940;https://cdn.shopify.com/s/files/1/2358/2817/files/ASICS-Gel-Kayano-14-Unlimited-Pack-Smoke-Grey-3.webp?v=1749046886&width=1940"
"Nike SB Dunk Low Supreme White Metallic Silver","210€","https://cdn.shopify.com/s/files/1/2358/2817/files/Nike_SB_Dunk_Low_Supreme_White_Metallic_Silver_1.webp?v=1757582602&width=1940;https://cdn.shopify.com/s/files/1/2358/2817/files/Nike_SB_Dunk_Low_Supreme_White_Metallic_Silver_4.webp?v=1757582602&width=1940;https://cdn.shopify.com/s/files/1/2358/2817/files/Nike_SB_Dunk_Low_Supreme_White_Metallic_Silver_2.webp?v=1757582602&width=1940"
"Adidas Yeezy 700 Salt","140€","https://cdn.shopify.com/s/files/1/2358/2817/products/yeezy-700-salt-113471.png?v=1638814781&width=1940;https://cdn.shopify.com/s/files/1/2358/2817/products/yeezy-700-salt-783946.png?v=1638814781&width=1940;https://cdn.shopify.com/s/files/1/2358/2817/products/yeezy-700-salt-642942.png?v=1638814781&width=1940"
"Adidas Yeezy Slide Dark Onyx","170€","https://cdn.shopify.com/s/files/1/2358/2817/files/adidas-yeezy-slide-dark-onyx3.webp?v=1709807398&width=1940;https://cdn.shopify.com/s/files/1/2358/2817/files/adidas-yeezy-slide-dark-onyx1.webp?v=1709807398&width=1940;https://cdn.shopify.com/s/files/1/2358/2817/files/adidas-yeezy-slide-dark-onyx2.webp?v=1709807398&width=1940"
"Nike Air Max 1 Patta Chlorophyll (2024)","230€","https://cdn.shopify.com/s/files/1/2358/2817/files/Nike_Air_Max_1_Patta_Chlorophyll_2024__1.webp?v=1750408622&width=1940;https://cdn.shopify.com/s/files/1/2358/2817/files/Nike_Air_Max_1_Patta_Chlorophyll_2024__2.webp?v=1750408630&width=1940;https://cdn.shopify.com/s/files/1/2358/2817/files/Nike_Air_Max_1_Patta_Chlorophyll_2024__3.webp?v=1750408638&width=1940"
"Adidas Yeezy Slide Slate Grey","140€","https://cdn.shopify.com/s/files/1/2358/2817/files/adidas-yeezy-slide-slate-grey-1.png?v=1691657077&width=1940;https://cdn.shopify.com/s/files/1/2358/2817/files/adidas-yeezy-slide-slate-grey-2.png?v=1691657077&width=1940;https://cdn.shopify.com/s/files/1/2358/2817/files/adidas-yeezy-slide-slate-grey-3.png?v=1691657077&width=1940"
"New Balance 2002R Protection Pack Navy","250€","https://cdn.shopify.com/s/files/1/2358/2817/products/New-Balance-2002R-Protection-Pack-Navy-1.png?v=1677680339&width=1940;https://cdn.shopify.com/s/files/1/2358/2817/products/New-Balance-2002R-Protection-Pack-Navy-2.png?v=1677680340&width=1940;https://cdn.shopify.com/s/files/1/2358/2817/products/New-Balance-2002R-Protection-Pack-Navy-3.png?v=1677680339&width=1940"
"Adidas Gazelle Bad Bunny Wonder Clay","190€","https://cdn.shopify.com/s/files/1/2358/2817/files/Adidas-Gazelle-Bad-Bunny-Wonder-Clay-1.webp?v=1753276205&width=1940;https://cdn.shopify.com/s/files/1/2358/2817/files/Adidas-Gazelle-Bad-Bunny-Wonder-Clay-2.webp?v=1753276205&width=1940;https://cdn.shopify.com/s/files/1/2358/2817/files/Adidas-Gazelle-Bad-Bunny-Wonder-Clay-3.webp?v=1753276205&width=1940"
"New Balance 1906R Silver Metallic Cream","160€","https://cdn.shopify.com/s/files/1/2358/2817/files/new-balance-1906r-silver-metallic-cream4.png?v=1703592069&width=1940;https://cdn.shopify.com/s/files/1/2358/2817/files/new-balance-1906r-silver-metallic-cream2.png?v=1703592069&width=1940;https://cdn.shopify.com/s/files/1/2358/2817/files/new-balance-1906r-silver-metallic-cream1.png?v=1703592069&width=1940"
"Air Jordan 4 Retro SE Craft Medium Olive","220€","https://cdn.shopify.com/s/files/1/2358/2817/files/air-jordan-4-retro-se-craft-medium-olive3.png?v=1700131063&width=1940;https://cdn.shopify.com/s/files/1/2358/2817/files/air-jordan-4-retro-se-craft-medium-olive2.png?v=1700131063&width=1940;https://cdn.shopify.com/s/files/1/2358/2817/files/air-jordan-4-retro-se-craft-medium-olive4.png?v=1700131063&width=1940"
"ASICS GT-2160 Black Pure Silver Bright Blue","109€","https://cdn.shopify.com/s/files/1/2358/2817/files/Asics-GT-2160-Black-Pure-Silver-Bright-Blue-2.png?v=1705056199&width=1940;https://cdn.shopify.com/s/files/1/2358/2817/files/Asics-GT-2160-Black-Pure-Silver-Bright-Blue-3.png?v=1705070785&width=1940;https://cdn.shopify.com/s/files/1/2358/2817/files/Asics-GT-2160-Black-Pure-Silver-Bright-Blue-4.png?v=1705070785&width=1940"
"Adidas Handball Spezial Black Gum","135€","https://cdn.shopify.com/s/files/1/2358/2817/products/adidas-handball-spezial-black-gum-1.png?v=1681393003&width=1940;https://cdn.shopify.com/s/files/1/2358/2817/products/adidas-handball-spezial-black-gum-2.png?v=1681393003&width=1940;https://cdn.shopify.com/s/files/1/2358/2817/products/adidas-handball-spezial-black-gum-3.png?v=1681393003&width=1940"
"Nike Dunk Low Photon Dust","115€","https://cdn.shopify.com/s/files/1/2358/2817/files/Nike_Dunk_Low_Photon_Dust_1.webp?v=1744125172&width=1940;https://cdn.shopify.com/s/files/1/2358/2817/files/Nike_Dunk_Low_Photon_Dust_2.webp?v=1744125182&width=1940;https://cdn.shopify.com/s/files/1/2358/2817/files/Nike_Dunk_Low_Photon_Dust_3.webp?v=1744125193&width=1940"
"Adidas Handball Spezial Sporty & Rich Dark Green","135€","https://cdn.shopify.com/s/files/1/2358/2817/files/Adidas-Spezial-Sporty-Rich-Green-1.webp?v=1740394947&width=1940;https://cdn.shopify.com/s/files/1/2358/2817/files/Adidas-Spezial-Sporty-Rich-Green-2.webp?v=1740394947&width=1940;https://cdn.shopify.com/s/files/1/2358/2817/files/Adidas-Spezial-Sporty-Rich-Green-3.webp?v=1740394947&width=1940"
"Nike Kobe 6 Protro Sail (All-Star)","300€","https://cdn.shopify.com/s/files/1/2358/2817/files/Nike-Kobe-6-Protro-Sail-All-Star-1.webp?v=1739368536&width=1940;https://cdn.shopify.com/s/files/1/2358/2817/files/Nike-Kobe-6-Protro-Sail-All-Star-2.webp?v=1739368535&width=1940;https://cdn.shopify.com/s/files/1/2358/2817/files/Nike-Kobe-6-Protro-Sail-All-Star-3.webp?v=1739368535&width=1940"
"Adidas Samba Nylon Wales Bonner Desert White","180€","https://cdn.shopify.com/s/files/1/2358/2817/files/adidas-samba-nylon-wales-bonner-desert-white7.webp?v=1716373226&width=1940;https://cdn.shopify.com/s/files/1/2358/2817/files/adidas-samba-nylon-wales-bonner-desert-white5.webp?v=1716373226&width=1940;https://cdn.shopify.com/s/files/1/2358/2817/files/adidas-samba-nylon-wales-bonner-desert-white2.webp?v=1716373226&width=1940"
"New Balance 1906D Protection Pack White Leather","225€","https://cdn.shopify.com/s/files/1/2358/2817/files/new-balance-1906d-protection-pack-white-leather-1.png?v=1690897727&width=1940;https://cdn.shopify.com/s/files/1/2358/2817/files/new-balance-1906d-protection-pack-white-leather-2.png?v=1690897727&width=1940;https://cdn.shopify.com/s/files/1/2358/2817/files/new-balance-1906d-protection-pack-white-leather-3.png?v=1690897726&width=1940"
"Adidas Samba OG Maroon Crewht Gold","175€","https://cdn.shopify.com/s/files/1/2358/2817/files/adidas-samba-og-maroon-crewht-gold2-copie.png?v=1711620774&width=1940;https://cdn.shopify.com/s/files/1/2358/2817/files/adidas-samba-og-maroon-crewht-gold3-copie.png?v=1711620774&width=1940;https://cdn.shopify.com/s/files/1/2358/2817/files/adidas-samba-og-maroon-crewht-gold4.webp?v=1711623610&width=1940"
"Air Jordan 4 Midnight Navy","215€","https://cdn.shopify.com/s/files/1/2358/2817/products/AirJordan4MidnightNavy.png?v=1664456841&width=1940;https://cdn.shopify.com/s/files/1/2358/2817/products/AirJordan4MidnightNavy_1.png?v=1664456841&width=1940;https://cdn.shopify.com/s/files/1/2358/2817/products/AirJordan4MidnightNavy_2.png?v=1664456841&width=1940"
"Adidas Handball Spezial Sporty & Rich Sharp Red","150€","https://cdn.shopify.com/s/files/1/2358/2817/files/Adidas-Spezial-Sporty-Rich-Burgundy-1.webp?v=1740395011&width=1940;https://cdn.shopify.com/s/files/1/2358/2817/files/Adidas-Spezial-Sporty-Rich-Burgundy-2.webp?v=1740395012&width=1940;https://cdn.shopify.com/s/files/1/2358/2817/files/Adidas-Spezial-Sporty-Rich-Burgundy-3.webp?v=1740395012&width=1940"
"Nike Shox R4 White Metallic Silver","150€","https://cdn.shopify.com/s/files/1/2358/2817/files/nike-shox-r4-white-metallic-silver4.webp?v=1714639689&width=1940;https://cdn.shopify.com/s/files/1/2358/2817/files/nike-shox-r4-white-metallic-silver3.webp?v=1714639689&width=1940;https://cdn.shopify.com/s/files/1/2358/2817/files/nike-shox-r4-white-metallic-silver2.webp?v=1714639689&width=1940"
"Nike Shox R4 Black","150€","https://cdn.shopify.com/s/files/1/2358/2817/files/ShoxR4Black.webp?v=1718629910&width=1940;https://cdn.shopify.com/s/files/1/2358/2817/files/ShoxR4Black2.webp?v=1718629910&width=1940;https://cdn.shopify.com/s/files/1/2358/2817/files/ShoxR4Black3.webp?v=1718629910&width=1940"
"Air Jordan 1 Retro High OG Black White","165€","https://cdn.shopify.com/s/files/1/2358/2817/files/air-jordan-1-retro-high-og-black-white3.png?v=1708356398&width=1940;https://cdn.shopify.com/s/files/1/2358/2817/files/air-jordan-1-retro-high-og-black-white2.png?v=1708356398&width=1940;https://cdn.shopify.com/s/files/1/2358/2817/files/air-jordan-1-retro-high-og-black-white1.png?v=1708356398&width=1940"
"Adidas Handball Spezial Green Pink Velvet","130€","https://cdn.shopify.com/s/files/1/2358/2817/files/Adidas-Handball-Spezial-Green-Pink-Velvet-1_1b0ac6f1-ecdb-4b94-9b23-2802f6624520.webp?v=1733935155&width=1940;https://cdn.shopify.com/s/files/1/2358/2817/files/Adidas-Handball-Spezial-Green-Pink-Velvet-2_f91cdfd4-c5c1-4c13-bd12-6d139abee05b.webp?v=1733935155&width=1940;https://cdn.shopify.com/s/files/1/2358/2817/files/Adidas-Handball-Spezial-Green-Pink-Velvet-3_896a11d1-1a0a-4101-abb4-7c289f397c16.webp?v=1733935155&width=1940"
"New Balance 550 Salt and Pepper","230€","https://cdn.shopify.com/s/files/1/2358/2817/products/new-balance-550-salt-and-pepper-wethenew-1.png?v=1664988244&width=1940;https://cdn.shopify.com/s/files/1/2358/2817/products/new-balance-550-salt-pepper-2.png?v=1664988244&width=1940;https://cdn.shopify.com/s/files/1/2358/2817/products/new-balance-550-salt-pepper-3.png?v=1664988244&width=1940"
"Air Jordan 1 High OG Denim","260€","https://cdn.shopify.com/s/files/1/2358/2817/files/AirJordan1HighOGDenim-2.png?v=1686317174&width=1940;https://cdn.shopify.com/s/files/1/2358/2817/files/AirJordan1HighOGDenim-4_0b717972-6d83-43d5-a96d-1527a6112973.png?v=1686317174&width=1940;https://cdn.shopify.com/s/files/1/2358/2817/files/AirJordan1HighOGDenim-1.png?v=1686317174&width=1940"
"Puma Speedcat OG Brown White","105€","https://cdn.shopify.com/s/files/1/2358/2817/files/Puma_Speedcat_OG_Brown_White_1.webp?v=1743425830&width=1940;https://cdn.shopify.com/s/files/1/2358/2817/files/Puma_Speedcat_OG_Brown_White.webp?v=1743425839&width=1940;https://cdn.shopify.com/s/files/1/2358/2817/files/Puma_Speedcat_OG_Brown_White_3.webp?v=1743425849&width=1940"
"Nike Dunk Low Since 72 Pacific Moss","85€","https://cdn.shopify.com/s/files/1/2358/2817/files/nike-dunk-low-since-72-pacific-moss2.webp?v=1711704585&width=1940;https://cdn.shopify.com/s/files/1/2358/2817/files/nike-dunk-low-since-72-pacific-moss3.webp?v=1711704585&width=1940;https://cdn.shopify.com/s/files/1/2358/2817/files/nike-dunk-low-since-72-pacific-moss1.webp?v=1711704585&width=1940"
"Adidas Yeezy Slide Azure","120€","https://cdn.shopify.com/s/files/1/2358/2817/files/adidas-yeezy-slide-azure-1.png?v=1685527415&width=1940;https://cdn.shopify.com/s/files/1/2358/2817/files/AdidasYeezySlideAzure.webp?v=1690550087&width=1940;https://cdn.shopify.com/s/files/1/2358/2817/files/AdidasYeezySlideAzure2.webp?v=1690550087&width=1940"
"Nike Zoom Field Jaxx Travis Scott Light Chocolate","190€","https://cdn.shopify.com/s/files/1/2358/2817/files/travis-scott-nike-zoom-field-jaxx-white-chocolate-1.webp?v=1738229012&width=1940;https://cdn.shopify.com/s/files/1/2358/2817/files/travis-scott-nike-zoom-field-jaxx-white-chocolate-3.webp?v=1738229018&width=1940;https://cdn.shopify.com/s/files/1/2358/2817/files/travis-scott-nike-zoom-field-jaxx-white-chocolate-2.webp?v=1738229018&width=1940"
"Nike Air Max 95 x Levi's Black","315€","https://cdn.shopify.com/s/files/1/2358/2817/files/Air-Max-95-x-Levi_s-Black-1.webp?v=1751990228&width=1940;https://cdn.shopify.com/s/files/1/2358/2817/files/Air-Max-95-x-Levi_s-Black-2.webp?v=1751990230&width=1940;https://cdn.shopify.com/s/files/1/2358/2817/files/Air-Max-95-x-Levi_s-Black-3.webp?v=1751990232&width=1940"
"Adidas Yeezy Foam RNNR Stone Salt","140€","https://cdn.shopify.com/s/files/1/2358/2817/files/adidas-yeezy-foam-rnnr-stone-salt-4.png?v=1693824541&width=1940;https://cdn.shopify.com/s/files/1/2358/2817/files/adidas-yeezy-foam-rnnr-stone-salt-1.png?v=1693824541&width=1940;https://cdn.shopify.com/s/files/1/2358/2817/files/adidas-yeezy-foam-rnnr-stone-salt-2_80186529-f014-49a4-93b0-966621ebd724.png?v=1693824541&width=1940"
"Adidas Yeezy 350 V2 Carbon Beluga","145€","https://cdn.shopify.com/s/files/1/2358/2817/files/Adidas_Yeezy_350_V2_Carbon_Beluga_1.webp?v=1758113384&width=1940;https://cdn.shopify.com/s/files/1/2358/2817/files/Adidas_Yeezy_350_V2_Carbon_Beluga_2.webp?v=1758113413&width=1940;https://cdn.shopify.com/s/files/1/2358/2817/files/Adidas_Yeezy_350_V2_Carbon_Beluga_3.webp?v=1758113413&width=1940"
"Nike Dunk Low Chlorophyll","155€","https://cdn.shopify.com/s/files/1/2358/2817/files/nike-dunk-low-chlorophyll-4.png?v=1689154257&width=1940;https://cdn.shopify.com/s/files/1/2358/2817/files/nike-dunk-low-chlorophyll-3.png?v=1689154257&width=1940;https://cdn.shopify.com/s/files/1/2358/2817/files/nike-dunk-low-chlorophyll-2.png?v=1689154257&width=1940"
"Nike Dunk Low Medium Curry","110€","https://cdn.shopify.com/s/files/1/2358/2817/products/nike-dunk-low-medium-curry-42.png?v=1645542787&width=1940;https://cdn.shopify.com/s/files/1/2358/2817/products/nike-dunk-low-medium-curry-4.png?v=1645542787&width=1940;https://cdn.shopify.com/s/files/1/2358/2817/products/nike-dunk-low-medium-curry-1.png?v=1645542787&width=1940"
"Nike SB Dunk Low Pro Chicago","195€","https://cdn.shopify.com/s/files/1/2358/2817/files/nike-sb-dunk-low-pro-chicago.webp?v=1716891108&width=1940;https://cdn.shopify.com/s/files/1/2358/2817/files/nike-sb-dunk-low-pro-chicago-3.webp?v=1716891703&width=1940;https://cdn.shopify.com/s/files/1/2358/2817/files/nike-sb-dunk-low-pro-chicago-4.webp?v=1716891703&width=1940"
"Adidas Handball Spezial Collegiate Green Semi Green Spark","95€","https://cdn.shopify.com/s/files/1/2358/2817/files/adidas-handball-spezial-collegiate-green-semi-green-spark3.png?v=1702560984&width=1940;https://cdn.shopify.com/s/files/1/2358/2817/files/adidas-handball-spezial-collegiate-green-semi-green-spark2.png?v=1702560984&width=1940;https://cdn.shopify.com/s/files/1/2358/2817/files/adidas-handball-spezial-collegiate-green-semi-green-spark4.png?v=1702560984&width=1940"
"Nike Dunk Low Rose Whisper","90€","https://cdn.shopify.com/s/files/1/2358/2817/files/NikeDunkLowRoseWhisper-1.png?v=1686065580&width=1940;https://cdn.shopify.com/s/files/1/2358/2817/files/NikeDunkLowRoseWhisper-2.png?v=1686065580&width=1940;https://cdn.shopify.com/s/files/1/2358/2817/files/nike-dunk-low-rose-whisper-3.png?v=1686065580&width=1940"
"Nike Dunk Low Next Nature Blue Tint","200€","https://cdn.shopify.com/s/files/1/2358/2817/files/nike-dunk-low-next-nature-blue-tint3.png?v=1697017940&width=1940;https://cdn.shopify.com/s/files/1/2358/2817/files/nike-dunk-low-next-nature-blue-tint2.png?v=1697017940&width=1940;https://cdn.shopify.com/s/files/1/2358/2817/files/nike-dunk-low-next-nature-blue-tint4.png?v=1697017940&width=1940"
"Air Jordan 4 Retro Thunder (2023)","240€","https://cdn.shopify.com/s/files/1/2358/2817/files/AirJordan4RetroThunder_2023.png?v=1682610577&width=1940;https://cdn.shopify.com/s/files/1/2358/2817/files/AirJordan4RetroThunder_2023__1.png?v=1682610577&width=1940;https://cdn.shopify.com/s/files/1/2358/2817/files/air-jordan-4-retro-thunder-2023-1.png?v=1684499878&width=1940"
"Nike Dunk Low Black White (2022)","115€","https://cdn.shopify.com/s/files/1/2358/2817/products/nike-dunk-low-black-white-2022-min.png?v=1656518890&width=1940;https://cdn.shopify.com/s/files/1/2358/2817/files/nike-dunk-low-black-white-2022-1-min.png?v=1689152950&width=1940;https://cdn.shopify.com/s/files/1/2358/2817/files/nike-dunk-low-black-white-2022-min_7f4ab4d5-9937-4e31-a5f8-569b415594f5.png?v=1689152950&width=1940"
"Adidas Yeezy Boost 350 V2 Black Red","210€","https://cdn.shopify.com/s/files/1/2358/2817/products/yeezy-boost-350-v2-black-red-744518.png?v=1638814833&width=1940;https://cdn.shopify.com/s/files/1/2358/2817/products/yeezy-boost-350-v2-black-red-351895.png?v=1638814833&width=1940;https://cdn.shopify.com/s/files/1/2358/2817/products/yeezy-boost-350-v2-black-red-313637.png?v=1638814833&width=1940"
"Adidas Yeezy Slide Resin","170€","https://cdn.shopify.com/s/files/1/2358/2817/files/adidas-yeezy-slide-resin-3.png?v=1693919987&width=1940;https://cdn.shopify.com/s/files/1/2358/2817/files/adidas-yeezy-slide-resin-1.png?v=1693919987&width=1940;https://cdn.shopify.com/s/files/1/2358/2817/files/adidas-yeezy-slide-resin_e.png?v=1693919987&width=1940"
"Nike Air Max 95 Big Bubble Diffused Blue","195€","https://cdn.shopify.com/s/files/1/2358/2817/files/Nike-Air-Max-95-Big-Bubble-Diffused-Blue-1.webp?v=1744711325&width=1940;https://cdn.shopify.com/s/files/1/2358/2817/files/Nike-Air-Max-95-Big-Bubble-Diffused-Blue-2.webp?v=1744711326&width=1940;https://cdn.shopify.com/s/files/1/2358/2817/files/Nike-Air-Max-95-Big-Bubble-Diffused-Blue-3.webp?v=1744711324&width=1940"
"Air Jordan 1 Low OG Rookie Of The Year","195€","https://cdn.shopify.com/s/files/1/2358/2817/files/Air-Jordan-1-LowOG-Rookie-Of-The-Year-1.webp?v=1744709661&width=1940;https://cdn.shopify.com/s/files/1/2358/2817/files/Air-Jordan-1-LowOG-Rookie-Of-The-Year-2.webp?v=1744709662&width=1940;https://cdn.shopify.com/s/files/1/2358/2817/files/Air-Jordan-1-LowOG-Rookie-Of-The-Year-3.webp?v=1744709662&width=1940"
"Nike Zoom Vomero 5 Vast Grey","175€","https://cdn.shopify.com/s/files/1/2358/2817/files/nike-zoom-vomero-vast-grey-1.webp?v=1739894383&width=1940;https://cdn.shopify.com/s/files/1/2358/2817/files/nike-zoom-vomero-vast-grey-2.webp?v=1739894383&width=1940;https://cdn.shopify.com/s/files/1/2358/2817/files/nike-zoom-vomero-vast-grey-3.webp?v=1739894384&width=1940"
"ASICS GT-2160 White Pure Silver","100€","https://cdn.shopify.com/s/files/1/2358/2817/files/asics-gt-2160-pure-silver-1_58256f49-6efb-4778-8296-df56e5110ef8.webp?v=1739894193&width=1940;https://cdn.shopify.com/s/files/1/2358/2817/files/asics-gt-2160-pure-silver-2.webp?v=1739894192&width=1940;https://cdn.shopify.com/s/files/1/2358/2817/files/asics-gt-2160-pure-silver-3.webp?v=1739894193&width=1940"
"Air Jordan 4 Oxidized Green","200€","https://cdn.shopify.com/s/files/1/2358/2817/files/AIRJORDAN4_OxidizedGreen.webp?v=1718185793&width=1940;https://cdn.shopify.com/s/files/1/2358/2817/files/AIRJORDAN4_OxidizedGreen_2.webp?v=1718187374&width=1940;https://cdn.shopify.com/s/files/1/2358/2817/files/AIRJORDAN4_OxidizedGreen_3.webp?v=1718187374&width=1940"
"Adidas Campus 00s Dark Green Cloud White","100€","https://cdn.shopify.com/s/files/1/2358/2817/files/adidas-campus-00s-dark-green-cloud-white-1.png?v=1699546476&width=1940;https://cdn.shopify.com/s/files/1/2358/2817/files/adidas-campus-00s-dark-green-cloud-white2.png?v=1699546476&width=1940;https://cdn.shopify.com/s/files/1/2358/2817/files/adidas-campus-00s-dark-green-cloud-white1.png?v=1699546476&width=1940"
"Nike Dunk Low QS LeBron James Fruity Pebbles","140€","https://cdn.shopify.com/s/files/1/2358/2817/products/nike-dunk-low-lebron-james-fruitty-pebbles-1.png?v=1667579783&width=1940;https://cdn.shopify.com/s/files/1/2358/2817/products/nike-dunk-low-lebron-james-fruitty-pebbles-2.png?v=1667579782&width=1940;https://cdn.shopify.com/s/files/1/2358/2817/products/nike-dunk-low-lebron-james-fruitty-pebbles-3.png?v=1667579783&width=1940"
"New Balance 9060 Rain Cloud","180€","https://cdn.shopify.com/s/files/1/2358/2817/products/new-balance-9060-rain-cloud2.png?v=1665157650&width=1940;https://cdn.shopify.com/s/files/1/2358/2817/products/new-balance-9060-rain-cloud-1.png?v=1665157650&width=1940;https://cdn.shopify.com/s/files/1/2358/2817/products/new-balance-9060-rain-cloud-32.png?v=1665157650&width=1940"
"Nike Dunk Low Medium Olive","80€","https://cdn.shopify.com/s/files/1/2358/2817/files/nike-dunk-low-medium-olive-1_d1470d25-7906-4f28-be51-c00b7ae71b2e.png?v=1698923979&width=1940;https://cdn.shopify.com/s/files/1/2358/2817/files/nike-dunk-low-medium-olive-2_399f79c6-04c8-44e5-8203-5d50fe2f0202.png?v=1698923979&width=1940;https://cdn.shopify.com/s/files/1/2358/2817/files/nike-dunk-low-medium-olive-3_c98a9059-52ef-40e3-93ba-146b6a37da98.png?v=1698923979&width=1940"
"ASICS Gel-NYC Utility Grey White","149€","https://cdn.shopify.com/s/files/1/2358/2817/files/ASICS-Gel-NYC-Utility-Grey-White-1.webp?v=1749047346&width=1940;https://cdn.shopify.com/s/files/1/2358/2817/files/ASICS-Gel-NYC-Utility-Grey-White-2.webp?v=1749047351&width=1940;https://cdn.shopify.com/s/files/1/2358/2817/files/ASICS-Gel-NYC-Utility-Grey-White-3.webp?v=1749047354&width=1940"
"Adidas Handball Spezial Wonder Muave Alumina","140€","https://cdn.shopify.com/s/files/1/2358/2817/files/adidas-handball-spezial-wonder-muave-alumina-1.webp?v=1737990486&width=1940;https://cdn.shopify.com/s/files/1/2358/2817/files/adidas-handball-spezial-wonder-muave-alumina-2.webp?v=1737990486&width=1940;https://cdn.shopify.com/s/files/1/2358/2817/files/adidas-handball-spezial-wonder-muave-alumina-3.webp?v=1737990486&width=1940"
"Air Jordan 1 Low OG Shadow (2024)","220€","https://cdn.shopify.com/s/files/1/2358/2817/files/air-jordan-1-low-og-shadow-20244.webp?v=1715332851&width=1940;https://cdn.shopify.com/s/files/1/2358/2817/files/air-jordan-1-low-og-shadow-20241.webp?v=1715332851&width=1940;https://cdn.shopify.com/s/files/1/2358/2817/files/air-jordan-1-low-og-shadow-20243.webp?v=1715332851&width=1940"